"","Game","Team1Score","Team2Score","Margin","Team1Win","Team2Win","Team1Cover","Team2Cover","Total","Over","Under","OverTeam1Cover","OverTeam2Cover","UnderTeam1Cover","UnderTeam2Cover","OverTeam1Win","OverTeam2Win","UnderTeam1Win","UnderTeam2Win","GameTotal","GameSpread","Team1WinPayout","Team2WinPayout"
"1","portlandst-montana",68.7033499209299,62.8844175907038,-5.81893233022604,0.686173,0.313827,0.847532,0.152468,131.587767511634,0.215213,0.784787,0.181826,0.033387,0.665706,0.119081,0.150337,0.064876,0.535836,0.248951,144,6.5,248,-270
"2","portlandst-montana",68.7033499209299,62.8844175907038,-5.81893233022604,0.686173,0.313827,0.847532,0.152468,131.587767511634,0.215213,0.784787,0.181826,0.033387,0.665706,0.119081,0.150337,0.064876,0.535836,0.248951,144,6.5,248,-270
